RANK,CITY,POPULATION,POPULATION GROWTH 2008 TO 2013,UNEMPLOYMENT RATE (%),AVERAGE HOUSEHOLD INCOME,AVERAGE DISCRETIONARY INCOME,AVERAGE HOUSEHOLD NET WORTH,AVERAGE HOUSE PRICES,AVERAGE YEARS TO BUY A HOME,PROPERTY TAX (%),AVERAGE PROPERTY TAX,PROPERTY TAX AS A OF AVERAGE HOUSEHOLD INCOME,SALES TAX,INCOME TAX ($),NEW CARS,NEW LUXURY CARS,WALK TO WORK (%),BIKE TO WORK (%),TAKE PUBLIC TRANSIT TO WORK (%),TOTAL RAINFALL (mm),DAYS PER YEAR WITH PRECIPITATION,DAYS PER YEAR WITH RAIN,DAYS ABOVE 0C,DAYS ABOVE 20C,DAYS BELOW MINUS 20C,MEAN DAILY TEMP.,DAYS ABOVE 24C,FIVE-YEAR CHANGE IN CRIME RATE,"CRIME RATE PER 100,000",CRIME SEVERITY INDEX,VIOLENT CRIME SEVERITY INDEX,NUMBER OF MEDICAL OFFICES PER '000,EMPLOYED IN HEALH CARE (%),DOCTORS PER '000,EMPLOYED IN ARTS & REC (%)
1,"St. Albert, Alta.",64377,0.041,4.3,128270.17,64865.86,561899,373426,2.91,2.57,3286,0.0256,0.05,9474,0.1754,0.0195,3.01,0.56,4.95,351.8,113.42,73.36,176.9,84.46,28.49,3.53,0.09,-0.2528,5648.98,48.9,27.72,1.1,5.28,2.61,1.84
2,"Calgary, Alta.",1306471,0.1,5.9,119771.69,56643.69,620700,435825,3.64,2.36,2782,0.0232,0.05,9474,0.2133,0.0211,4.91,1.1,15.04,326.4,111.77,67.89,170.8,87.21,21.7,4.43,0.16,-0.2423,4442.43,59.53,61.66,1.11,3.94,2.51,2.13
3,"Strathcona County, Alta.",98232,0.092,4.2,137509.4,69141.51,716333,408331,2.97,2.5,3398,0.0247,0.05,9474,0.1895,0.0143,2.67,0.51,3.22,342.65,105.49,70.69,161.9,85.7,29.34,3.54,0.04,0.1768,4001.17,44.52,19.52,0.78,4.55,2.61,1.73
4,"Ottawa, Ont.",953589,0.099,7,103186.09,50922.73,457513,398845,3.87,2.23,2283,0.0221,0.13,8694,0.2226,0.0215,7.25,1.97,21.21,755.45,160.65,118.34,215.6,116.53,16.84,6.64,17.48,-0.1524,4589.7,57.64,59.21,0.91,3.6,2.45,2.86
5,"Burlington, Ont",187497,0.068,5.8,110113.81,52926.57,623548,496412,4.51,2.67,2855,0.0259,0.13,8694,0.2035,0.0266,3.4,0.69,7.59,763.27,135.77,113.91,239,125.32,2.66,9.07,40.8,-0.2475,2611.04,28.59,23.59,1.16,3.32,2.54,1.91
6,"Boucherville, Que.",41928,0.046,3.7,122131.67,58004.29,581748,352698,2.89,2.83,3333,0.0273,0.1498,11302,0.2695,0.0453,2.66,1.51,13.63,844.01,168.19,124.98,228.2,111.82,8.42,7.46,32.93,-0.2373,5056.13,70.83,65.18,0.6,4.22,2.34,2.96
7,"Oakville, Ont.",196722,0.098,7,145694.87,68852.08,948281,692902,4.76,2.7,3756,0.0258,0.13,8694,0.2399,0.0556,2.99,0.53,14.52,725.63,117.55,102.43,221.7,107.18,2.66,8.05,18.25,-0.2475,2611.04,28.59,23.59,1.13,3.08,2.07,2.54
8,"Edmonton, Alta",868392,0.095,6.1,91807.29,42531.87,390402,375308,4.09,2.13,1966,0.0214,0.05,9474,0.1861,0.0158,5.1,1.14,11.72,347.76,122.93,77.31,185.1,88.38,24.62,4.18,1.45,-0.2631,7460.89,91.8,115.38,1.12,4.77,2.61,1.95
9,"Regina, Sask.",221999,0.073,4.8,91328.02,43014.39,392064,372335,4.08,2.13,1965,0.0215,0.1,10195,0.1536,0.0103,5.38,1.25,4,321.11,114.13,74.7,152.9,107.46,45.04,2.73,7.72,-0.2428,10393.1,120.17,116.45,1.52,4.56,2.36,2.16
10,"Qu‚bec, Que.",535353,0.063,4.7,70627.27,31528.43,233850,249015,3.53,2.33,1609,0.0228,0.1498,11302,0.2562,0.0172,8.07,1.53,12.68,899.3,174.93,118.16,194.5,94.07,31.14,4.22,3.53,-0.2592,3987.91,50.82,55.69,0.86,4.78,3.35,2.31
11,"Kingston, Ont.",169645,0.063,8.1,83515.16,41626.97,369279,318189,3.81,2.22,1865,0.0223,0.13,8694,0.1679,0.0114,9.01,2.17,3.83,808.71,159.06,123.38,222.5,99.09,10.67,6.87,7.24,-0.093,6134.77,63.74,60.16,1.23,5.16,4.36,1.86
12,"L‚vis, Que.",143934,0.07,4,75659.17,34536.01,248740,232092,3.07,2.51,1860,0.0246,0.1498,11302,0.2217,0.0155,4.03,0.77,4.2,899.3,174.93,118.16,194.5,94.07,31.14,4.22,3.53,-0.1499,3271.31,38.2,36.25,0.56,5.13,3.35,1.81
13,"Saskatoon, Sask.",278389,0.109,5.5,89768.06,42066.91,377703,355092,3.96,2.12,1908,0.0213,0.1,10195,0.1381,0.0098,5.69,2.13,3.55,263.83,108.7,65.48,170.4,103.88,38.8,3.25,9.75,-0.2343,10016.53,117.43,141.44,1.79,5.07,3.02,1.74
14,"Saanich, B.C.",114323,0.013,5.7,86710.2,39279.51,692672,577652,6.66,2.24,1903,0.0219,0.12,8611,0.109,0.0137,5.54,5.1,11.08,886.27,158.51,156.12,334,70.54,0,10.31,0.19,-0.2149,4662.79,44.18,31.44,0.74,4.25,2.98,2.43
15,"Gatineau, Que.",278252,0.105,5.7,82203.49,36707.68,207079,250721,3.05,2.49,1996,0.0243,0.13,8694,0.2144,0.012,4.47,1.72,15.81,755.45,160.65,118.34,215.6,116.53,16.84,6.64,17.48,-0.1279,5645.79,69.14,74.73,0.45,3.51,2.45,2.72
16,"Moncton, N.B.",145873,0.096,7.3,73386.54,36594.33,192515,160158,2.18,2.19,1614,0.022,0.13,11036,0.2401,0.0098,6.69,0.95,2.67,841.97,160.77,122.8,198.3,99.12,13.98,6.08,3.86,-0.3094,5115.6,67.16,83.41,2.02,4.8,3.28,1.64
17,"Lacombe, Alta.",12510,0.1,6.9,91951.99,46398.22,430669,262575,2.86,2.03,1911,0.0208,0.05,9474,0.1474,0.0056,8.3,1.04,-,366.45,108.03,75.71,156.3,81.02,28.17,3,0,-0.2961,7169.9,67.65,59.76,1.76,4.36,2.3,1.58
18,"Rimouski, Que.",53000,0.068,6.5,65898.06,31726.89,195631,177041,2.69,2.29,1496,0.0227,0.1498,11302,0.2086,0.0062,10.16,1.15,0.66,686.51,166.74,115.55,196.9,72.3,13.88,4.37,2.51,-0.0463,4868.64,53.83,57.38,1.45,5.32,3.91,1.96
19,"Winnipeg, Man.",769351,0.05,5.7,80375.63,37234.45,331003,289116,3.6,2.11,1711,0.0213,0.13,11036,0.1697,0.0087,5.43,1.47,12.37,418.91,125.34,78.28,172.1,109.65,51.98,2.99,11.11,-0.2405,6823.51,102.3,161.88,0.84,4.77,2.72,1.91
20,"Repentigny, Que.",85425,0.071,5.4,84146.76,38914.61,275601,245175,2.91,2.59,2114,0.0251,0.1498,11302,0.2304,0.0158,2.73,0.74,5.68,800.6,160.48,121.12,201.3,108.19,28.72,5.44,9.58,-0.0536,4015.35,44.33,32.02,0.8,4.93,2.34,1.35
21,"Blainville, Que.",57058,0.155,4.6,104837.94,47868.03,404908,302838,2.89,2.73,2765,0.0264,0.1498,11302,0.2752,0.0435,1.86,0.92,6.24,835.94,167.46,119.55,198.7,111.65,25.27,5.33,6.84,-0.1411,3768.37,52.65,53.84,0.63,5.11,2.34,1.55
22,"Fredericton, N.B.",99066,0.09,7.5,76907.61,37617.54,235639,218490,2.84,2.07,1598,0.0208,0.13,10725,0.1894,0.0076,7.83,1.24,3.18,859.13,148.93,115.4,192.3,104.38,20,5.56,3.94,-0.1484,7103.04,75.23,74.67,1.25,3.52,2.45,2
23,"Stratford, Ont.",32217,0.016,6.8,75897.64,39110.37,379810,258171,3.4,2.45,1899,0.025,0.13,8694,0.1624,0.0077,11.93,4.62,1.88,851.17,164.95,117.69,215.7,111.88,4.06,7.43,10.4,-0.2535,5277.44,53.33,37.58,1.92,3.47,3.17,2.55
24,"Aurora, Ont.",56697,0.09,7.7,133429.44,63608.47,832876,576304,4.32,2.78,3483,0.0261,0.13,8694,0.2355,0.0493,3.43,0.45,7.95,744.58,165.19,120.17,220.8,118.74,4.69,7.9,22.3,-0.1872,2806.5,35.83,39.07,0.46,2.84,2.07,2.41
25,"North Vancouver, B.C. (District Municipality)",88085,0.025,6,118223.85,50397.39,1081346,910031,7.7,2.46,2825,0.0239,0.12,8611,0.1579,0.0321,3.45,1.48,9.66,1861.54,175.09,114.36,212.4,30.55,0.13,5.46,1.38,-0.1538,4185.64,40.28,30.18,0.25,3.89,2.46,4.16
26,"Halifax, N.S.",412626,0.05,7.2,81062.48,38269.81,292268,280313,3.46,2,1631,0.0201,0.15,11159,0.237,0.0119,9.73,0.84,11.43,1313.89,161.79,142.66,234.3,78.18,0.81,7.46,0.75,-0.1765,6489.29,74.28,92.36,1.12,4.88,3.67,2.47
27,"Whitby, Ont.",131539,0.078,7.3,109010,51976.26,433584,414719,3.8,2.77,2966,0.0272,0.13,8694,0.2051,0.018,2.31,0.31,10.28,766.13,145.68,122.66,239,100.48,2.73,8.12,9.56,-0.2675,3626.65,44.71,55.55,0.57,3.65,1.47,1.99
28,"North Vancouver, B.C (City)",51650,0.063,6.1,72793.84,27680.02,482012,658986,9.05,1.69,1281,0.0176,0.12,8611,0.1579,0.0321,8.98,1.97,20.15,3734.77,203.17,195.02,296.8,81.03,0,9.11,0.33,-0.2084,7545.92,69.64,64.45,3.1,3.85,2.46,3.93
29,"Halton Hills, Ont.",62493,0.056,6.6,117992.64,55863.63,643309,515080,4.37,2.95,3420,0.029,0.13,8694,0.19,0.0146,3.34,0.89,3.09,741.49,138.86,112.09,196.3,120.32,8.7,7.1,8.36,-0.2475,2611.04,28.59,23.59,0.3,2.64,2.07,1.68
30,"Guelph, Ont.",150405,0.055,6.6,91764.28,44234.71,426367,374079,4.08,2.62,2386,0.026,0.13,8694,0.1719,0.012,5.05,1.89,5.56,781.99,167.01,127.37,205.5,112.98,8.29,6.68,8.21,-0.1344,4549.53,50.52,53.8,1.04,3.61,1.91,1.87
31,"Newmarket, Ont.",84902,0.06,7.7,106853.45,49392.58,516102,480049,4.49,2.82,2924,0.0274,0.13,8694,0.2126,0.0262,4.47,0.51,5.9,735.34,129.52,101.79,210.5,107.15,7.22,6.96,12.78,-0.1872,2806.5,35.83,39.07,1.5,3.2,2.07,1.98
32,"Toronto, Ont.",2774128,0.045,9.3,93287.63,42598.65,610038,594112,6.37,2.07,1909,0.0205,0.13,8694,0.2252,0.0418,7.58,1.66,34.09,714.02,145.49,114.08,264.4,117.23,1.22,9.39,35.62,-0.2031,4097.5,64.52,114.46,1.11,3.12,2.07,3.35
33,"Red Deer, Alta.",96650,0.028,6.3,94005.94,48307.09,374903,254760,2.71,2.32,2204,0.0234,0.05,9474,0.1705,0.0093,4.82,1.19,3.34,383.66,119.12,75.04,152.9,83.48,31.91,2.75,0,0.4321,16451.3,163.57,151.08,1.73,4.86,2.3,1.58
34,"Lethbridge, Alta.",113824,0.088,6.3,75911.21,38678.95,281831,193466,2.55,2.1,1621,0.0214,0.13,10198,0.1321,0.0057,5.19,1.17,1.98,988.32,168.26,137.59,181.5,63.97,8.76,4.83,0.18,-0.1529,9237.53,92.37,89.78,1.48,4.98,1.98,1.46
35,"Yellowknife, NWT",20526,0.024,6,138277.58,70680.66,330992,493544,3.57,2.43,3332,0.0241,0.05,8671,0.2042,0.0033,22.74,2.62,1.16,170.73,118.51,51.3,140.7,42.78,105.18,-4.28,0.32,0,37002.11,217.2,80,0.44,4.04,2.48,2.91
36,"West Vancouver, B.C.",44226,0.009,7.1,180205.46,79499.35,2729123,1639337,9.1,2.57,4278,0.0237,0.12,8611,0.2196,0.1121,4.79,1.55,9.3,1152.84,168.94,165.06,324.4,76.5,0,10.55,2.25,-0.2858,4109.98,42.08,32.95,1.11,3.16,2.46,3.84
37,"St. John's, Nfld.",204371,0.097,7.6,94789,45298.76,279406,297204,3.14,2.09,1978,0.0209,0.13,10198,0.2784,0.0125,5.89,0.25,2.48,1206.35,211.66,162.64,198.7,52.6,0.6,5.03,0.02,0.0329,8036.84,86.3,77.34,1.21,4.93,3.42,1.81
38,"Brossard, Que.",83800,0.127,6.3,94805.41,43681.7,436484,313592,3.31,2.74,2545,0.0268,0.1498,11302,0.2166,0.0354,3.46,0.63,25.68,798.56,164.56,119.8,205.9,117.5,19.38,6.15,13.88,-0.2373,5056.13,70.83,65.18,0.6,3.17,2.34,2.3
39,"Vancouver, B.C",642717,0.037,7.1,80048.15,30229.31,742353,942329,11.77,1.89,1545,0.0193,0.12,8611,0.1653,0.0457,12.53,3.57,24.89,1231.11,171.12,167.41,330.5,53.08,0,10.28,0.09,-0.2632,7494.41,100.01,114.91,1.31,3.94,2.46,4.3
40,"Camrose, Alta.",18435,0.066,5.9,79369.31,42082.78,328783,233456,2.94,1.99,1621,0.0204,0.05,9474,0.1399,0.0049,6.83,0.88,0.19,326.26,114.38,75.46,164.8,82.56,33.78,3.01,0.19,-0.1727,10729.14,103.22,97.21,1.57,5.65,2.01,1.23
41,"London, Ont.",501888,0.035,8.6,80910.56,40541.92,340025,275233,3.4,2.4,1942,0.024,0.13,8694,0.2063,0.0158,5.56,1.38,6.38,845.89,168.02,122.39,223,122.46,3.83,7.85,15.32,-0.1726,6955.62,83.36,71.79,1.01,4.79,3.09,1.54
42,"Brandon, Man.",57442,0.145,5.7,75376.14,36689.47,254578,231707,3.07,2.01,1551,0.0206,0.13,11036,0.1594,0.0044,7.38,1.72,3.86,374.85,116.61,71.99,160.9,102.96,52.84,2.21,4.68,-0.0998,9549.71,89.39,93.94,1.58,5.34,2.39,1.31
43,"Waterloo, Ont",105444,0.007,7.2,102824.65,51311.61,550971,366219,3.56,2.55,2596,0.0252,0.13,8694,0.1827,0.0247,6.47,2.74,4.23,776.77,165.97,118.73,207.6,115.67,5.99,7.01,9.8,-0.1074,4992.24,58.05,60.75,0.86,3.08,1.48,2.28
44,"Milton, Ont.",103491,0.562,5.6,113938.75,54299.27,503031,491215,4.31,2.87,3278,0.0288,0.13,8694,0.2104,0.02,2.48,0.25,4.22,741.49,138.86,112.09,196.3,120.32,8.7,7.1,8.36,-0.2297,1848.1,22.36,11.19,0.58,2.06,2.07,3
45,"Whitehorse, Yukon",27855,0.105,7.9,96112.49,45968.81,401980,417779,4.35,2.01,1951,0.0203,0.05,9147,0.1088,0.003,7.98,2.67,3.24,160.89,121.22,62.91,144,41.52,48.67,-0.07,0,0.006,19823.99,129.2,80,1.26,4.55,2.23,2.93
46,"Saint-Georges, Que.",36044,0.076,4.4,63757.01,31027.97,248359,144725,2.27,2.48,1563,0.0245,0.1498,11302,0.191,0.0076,3.73,0.59,0.51,828.74,150.58,111.35,177.6,102.88,34.32,4.54,3.18,0.0147,4546.88,53.9,53.29,1.25,4.55,2.86,1.2
47,"Maple Ridge, B.C.",81149,0.087,6.8,85762,39485.23,370593,377164,4.4,2.2,1899,0.0221,0.12,8611,0.132,0.0084,3,0.48,7.36,1839.37,188.1,183.71,297.5,94.4,0,9.9,0.78,-0.2831,8186.5,80.6,73.79,0.74,3.91,2.46,1.75
48,"Delta, B.C.",104290,0.037,6.3,98278.89,44131.98,668015,607783,6.18,2.44,2399,0.0244,0.12,8611,0.1375,0.0162,3.35,0.43,8.98,899.94,155,152.31,343.8,64.28,0,11.1,0,-0.2129,5699.11,58.79,47.87,0.68,3.13,2.46,1.99
49,"Caledon, Ont.",64299,0.051,6.5,126498.61,58367.75,841557,599054,4.74,2.96,3626,0.0287,0.13,8694,0.1994,0.025,2.32,0.11,1.21,750.08,151,111.97,194.6,105.17,8.92,6.3,7.7,-0.1724,2463,25.49,15.73,0.33,2.43,2.07,1.84
50,"Richmond Hill, Ont.",202077,0.136,6.9,108310.59,44449.05,841125,736515,6.8,2.62,2859,0.0264,0.13,8694,0.2507,0.0719,2.2,0.27,13.18,744.58,165.19,120.17,220.8,118.74,4.69,7.9,22.3,-0.1872,2806.5,35.83,39.07,0.86,3.05,2.07,2.04
51,"Grande Prairie, Alta.",59686,0.124,5.5,102944.74,51542.79,368436,281551,2.73,2.21,2313,0.0225,0.05,9474,0.2344,0.0067,5.34,0.55,1.97,322.41,128.37,80.35,167.3,78.41,42.02,2.22,0.09,0.2591,20606.92,156.89,124.28,1.41,4.2,1.99,1.21
52,"Saint-Hyacinthe, Que.",58689,0.053,6.1,60325.97,28149.56,238599,188241,3.12,2.12,1264,0.021,0.1498,11302,0.2062,0.01,8.85,1.81,1.29,870.84,158.09,122.7,208.8,115.77,20.85,6.4,16.43,-0.278,4660.54,58.17,47.41,1.31,4.09,2.73,0.96
53,"Terrebonne, Que.",111769,0.108,5.2,83548.82,37953.25,244547,253472,3.03,2.7,2216,0.0265,0.1498,11302,0.2249,0.0161,2.71,0.52,4.94,915.36,166.06,128.95,201.6,110.74,22.71,5.94,8.59,-0.0334,4508.46,57.94,63.74,0.37,4.04,2.34,1.41
54,"Canmore, Alta.",12703,-0.099,6.3,108832.97,45609.49,914563,710673,6.53,2.1,2277,0.0209,0.05,9474,0.1398,0.0142,13.86,4.26,0.44,322.49,140.6,86.81,159.1,64.19,19.19,3.28,0,-0.1063,7182.13,56.93,41.41,2.44,4.43,3.94,3.78
55,"Port Coquitlam, B.C",59320,0.053,6.5,91237.34,39437.14,379400,438330,4.8,2.17,1990,0.0218,0.12,8611,0.1395,0.0122,2.61,1.02,11.17,2112.41,184.02,180.73,296.1,92,0,10.02,1.05,-0.1014,7612.94,77.57,70.98,0.32,3.74,2.46,1.78
56,"Vaughan, Ont",319727,0.186,6.7,121035.37,52459.05,932777,720104,5.95,2.72,3166,0.0262,0.13,8694,0.244,0.057,1.42,0.17,9.51,697.01,137.43,108.29,211.7,116.77,6.5,7.56,16.13,-0.1872,2806.5,35.83,39.07,0.67,2.68,2.07,1.82
57,"Victoriaville, Que.",48568,0.088,5.9,62146.85,30745.94,221096,131530,2.12,2.35,1440,0.0232,0.1498,11302,0.1614,0.009,7.68,1.24,0.58,893.93,165.04,122.59,193.6,100.3,25.1,5.29,8.71,-0.1511,5382.2,61.81,58.43,1.54,3.97,2.51,1.21
58,"Clarington, Ont.",91473,0.087,8,98121.01,47799.03,358511,341395,3.48,2.93,2859,0.0291,0.13,8694,0.1866,0.0069,2.41,0.31,3.6,773.33,146.36,122.72,219.4,110.56,6.03,7.51,5.78,-0.2675,3626.65,44.71,55.55,0.23,3.77,1.47,1.47
59,"Centre Wellington, Ont.",28143,0.028,5.5,94695.99,47714.48,517696,386475,4.08,2.69,2560,0.027,0.13,8694,0.1526,0.0067,5.78,0.96,0.78,797.81,179.49,129.7,208,106.39,7.75,6.68,7,-0.1351,2901.27,33.17,31.23,0.57,3.98,1.24,2.52
60,"Sherbrooke, Que.",210032,0.065,6.3,64259.19,28520.06,227363,224991,3.5,2.26,1445,0.0225,0.1498,11302,0.1961,0.0141,6.75,0.71,4.09,847.89,187.14,127.52,181.8,105.04,34.24,4.53,2.05,-0.1772,4819.76,58.11,50.6,0.92,4.87,3.86,1.62
61,"Richmond, B.C",205819,0.091,7.1,79168.76,31108.5,703240,700346,8.85,2.3,1920,0.0243,0.12,8611,0.2509,0.0551,3.81,1.37,11.64,1227.79,183.84,180.42,305.3,99.52,0,10.55,0.33,-0.1731,6550.88,78.9,59.53,0.78,2.99,2.46,1.98
62,"Chƒteauguay, Que.",48110,0.086,7.8,74579.61,34162.98,209999,220808,2.96,2.47,1812,0.0243,0.1498,11302,0.1703,0.0082,4.04,0.8,11.77,784.93,163.32,119.11,217.5,117.05,14.26,6.75,17.55,-0.0969,4055.53,48.85,46.3,0.48,4.36,2.34,1.47
63,"Kitchener, Ont",234137,0.067,7.1,80812.04,38873.25,301924,307463,3.8,2.5,2042,0.0253,0.13,8694,0.1604,0.0118,4.28,1.13,5.72,776.77,165.97,118.73,207.6,115.67,5.99,7.01,9.8,-0.1074,4992.24,58.05,60.75,1.04,3.09,1.48,1.54
64,"Salmon Arm, B.C.",18658,0.068,7.8,65631.79,33584.13,467043,310215,4.73,2.12,1396,0.0213,0.12,8611,0.1025,0.0021,9.68,1.47,0.59,468.87,137.96,105.54,213.5,104.5,3.97,7.4,3.56,0.0502,9223.9,77.31,59.36,2.36,4.23,3.48,1.63
65,"Port Moody, B.C",35508,0.144,7.1,100851.03,42235.93,585771,597965,5.93,2.17,2182,0.0216,0.12,8611,0.1748,0.0304,3.24,0.36,14.04,1913.19,170.41,166.52,304.3,72.48,0,10.2,2.27,-0.1925,4795.82,54.68,67.22,0.2,4.22,2.46,3.21
66,"Moose Jaw, Sask.",35313,0.022,5.5,74332.93,36756.03,290600,247199,3.33,1.97,1509,0.0203,0.1,10195,0.1229,0.0045,6.43,1.6,0.57,274.1,110.16,66.69,176.6,115.14,36.73,4.23,13.22,-0.1189,12465.94,105.25,55.11,1.08,5.08,2.12,1.53
67,"Pickering, Ont",94121,0.023,8.4,111011.26,53755.77,515270,436068,3.93,2.98,3175,0.0286,0.13,8694,0.1748,0.018,2.65,0.22,13.11,766.13,145.68,122.66,239,100.48,2.73,8.12,9.56,-0.2675,3626.65,44.71,55.55,0.46,3.37,2.07,2.17
68,"Saint-Eustache, Que.",45574,0.051,5.4,76948.95,34963.68,232920,231530,3.01,2.52,1895,0.0246,0.1498,11302,0.2205,0.0127,3.26,1.31,5.47,915.36,166.06,128.95,201.6,110.74,22.71,5.94,8.59,-0.2175,5238.03,61.44,46.39,0.72,4.1,2.34,1.26
69,"Laval, Que.",420226,0.093,6.8,78128.1,34442.76,321887,298821,3.82,2.56,1961,0.0251,0.1498,11302,0.2093,0.0252,2.69,0.49,13.45,790.42,152,117.51,213.4,110.44,19.78,6.44,17.43,-0.0769,4485.04,60.6,71.55,0.5,3.77,2.34,1.69
70,"Greater Sudbury, Ont.",166817,0.01,7.8,82966.49,42780.11,275308,240525,2.9,2.11,1771,0.0213,0.13,8694,0.181,0.0073,5.69,0.62,4.89,675.67,166.87,107.56,186.8,95.6,31.51,4.1,5.41,-0.0578,5560.17,71.66,75.37,0.88,3.96,2.03,1.33
71,Lloydminster (Sask./Alta.),33788,0.101,4.4,104495.53,51768.49,477122,311723,2.98,2.07,2183,0.0209,0.05,9474,0.209,0.0091,4.54,0.56,0.24,316.74,114.22,68,162.9,83.06,40.91,2.03,1.31,0.0113,17596.72,146.42,143.51,0.89,3.05,1.72,1.35
72,"Mississauga, Ont",760660,0.047,8.7,98736.78,44831.48,500198,527133,5.34,2.43,2371,0.024,0.13,8694,0.2205,0.0305,2.41,0.33,15.79,723.1,126.19,110.71,242.4,102.78,2.56,8.44,14.19,-0.1657,3271.38,47.49,57.11,0.7,2.93,2.07,1.59
73,"Dawson Creek, B.C.",12452,0.071,6.7,76532.64,37768.32,226857,259164,3.39,1.8,1403,0.0183,0.12,8611,0.1629,0.0028,7.71,1.27,0.52,307.18,126.39,73.89,162.3,75.49,48.34,1.92,0.01,-0.0917,17095.69,149.3,163.84,1.53,4.29,2.09,1.82
74,"Langley, B.C. (DM)",112431,0.108,6.1,97796.38,43008.61,667368,572758,5.86,2.34,2283,0.0233,0.12,8611,0.1413,0.011,3.19,0.54,2.77,1715.49,194.47,190.07,311.6,109,0,10.85,2.17,-0.0616,8435.17,102.32,89.82,0.7,3.34,2.46,1.77
75,"Kamloops, B.C.",104746,0.053,8.5,75931.69,36517.99,359903,332798,4.38,2.08,1601,0.0211,0.12,8611,0.1264,0.006,5.24,1.33,3.65,224.34,105.58,83.28,246,131.99,3.39,9.27,26.04,-0.1242,11568.68,105.86,111.71,1.1,4.15,2.5,1.61
76,"Victoria, B.C",84414,0.02,7.3,59940.57,24358.25,349237,475855,7.94,1.6,986,0.0164,0.12,8611,0.1026,0.0123,23.36,9.51,12.61,845.34,155.05,151.86,319.2,78.88,0,11.24,0.44,-0.2954,10852.96,118.65,122.55,3.62,4.23,2.98,3.62
77,"Hamilton, Ont.",549165,0.041,8.7,80671.87,39453.04,348344,333028,4.13,2.59,2099,0.026,0.13,8694,0.1544,0.0132,5.01,0.85,8.78,791.67,156.23,117.75,226.8,120.19,3.29,7.91,14.82,-0.1614,5494.36,71.14,76.67,1.04,4.12,2.54,1.56
78,"Medicine Hat, Alta.",76023,0.013,7.1,82571.51,43177.51,382532,240884,2.92,2.16,1806,0.0219,0.05,9474,0.14,0.0065,3.35,0.64,1.58,244.79,94.73,59.2,190.4,120.41,22.82,6.08,13.85,-0.1082,7073.43,72.95,78.53,1.32,4.36,1.87,1.12
79,"Wetaskiwin, Alta.",13291,0.069,9.1,74044.6,38464.79,272678,195788,2.64,2.05,1559,0.0211,0.05,9474,0.1378,0.0038,8.29,1.6,0.99,369.78,110.33,74.06,152.4,88.57,34.94,2.79,0.09,-0.1986,20337.52,150.53,132.91,1.81,5.06,2.48,0.85
80,"Markham, Ont.",335947,0.152,8.1,112387.02,49889.92,810071,648288,5.77,2.65,3012,0.0268,0.13,8694,0.2441,0.0621,1.8,0.26,14.18,744.58,165.19,120.17,220.8,118.74,4.69,7.9,22.3,-0.1872,2806.5,35.83,39.07,0.65,2.96,2.07,1.93
81,"Cobourg, Ont.",19342,0.019,8.7,75650.15,40087.71,360944,250881,3.32,2.59,1949,0.0258,0.13,8694,0.1787,0.0085,9.75,1.35,2.04,793.9,123.57,104.84,224.2,96.36,5.17,7.46,4.12,-0.3322,4783.68,40.5,29.32,0.72,3.29,2.02,1.72
82,"Saint-Jean-sur-Richelieu, Que.",95593,0.057,5.6,70368.07,32669.27,230973,234519,3.33,2.35,1620,0.023,0.1498,11302,0.1841,0.0117,5.11,1.44,5.88,928.32,151.79,119.35,212.7,114.64,17.68,6.63,12.99,-0.1151,5783.78,68.81,64.08,1.09,4.31,2.06,1.29
83,"Joliette, Que.",49490,0.101,7.4,61384.73,28985.95,226331,188690,3.07,2.21,1340,0.0218,0.1498,11302,0.1784,0.0098,7.48,1.93,1.14,813.12,127.17,95.99,201.8,113.38,21.19,6,11.76,0.0185,6653.91,90.43,73.52,1.43,4.83,3.96,1
84,"Coquitlam, B.C",136457,0.115,7.2,85627.73,36858.12,534009,553719,6.47,2.19,1918,0.0224,0.12,8611,0.1643,0.0265,3.48,0.56,13.54,2112.41,184.02,180.73,296.1,92,0,10.02,1.05,-0.2326,6339.25,71.97,59.65,0.48,3.22,2.46,1.94
85,"Steinbach, Man",15468,0.305,5.5,70877.27,34477.11,259476,278601,3.93,2.02,1462,0.0206,0.13,11036,0.1037,0.0029,10.03,2.94,0.53,473.44,111.06,75.52,165.5,106.62,50.82,2.8,7.33,-0.1657,7602.56,72.95,67.7,1.49,4.9,2.69,1.66
86,"Okotoks, Alta.",27506,0.307,5.8,111090.58,53703.2,533901,371821,3.35,2.58,2904,0.0261,0.05,9474,0.1836,0.0138,3.99,0.83,3.24,372.6,110.67,70.44,168.8,95.3,21.16,4.59,0.26,-0.1487,7281.72,59.39,39.54,0.51,4.01,1.2,2.34
86,"RiviŠre-du-Loup, Que.",28650,0.066,5.3,64128.9,30324.48,216883,199872,3.12,2.28,1461,0.0228,0.1498,11302,0.181,0.0075,8.84,0.37,0.31,695.61,182.73,122.79,184.2,69.59,20.01,3.46,1.26,0.7172,4495.36,47.07,31.45,1.05,4.8,3.25,1.03
88,"North Battleford, Sask.",19847,0.053,6.2,70616.38,35220.36,246228,215068,3.05,1.8,1309,0.0185,0.1,10195,0.128,0.003,7.54,1.26,0.29,292.64,108.35,65.26,161.7,96.23,46.65,2.09,3.95,0.1296,44384.19,352.39,271.4,1.26,5.18,2.72,1.28
89,"Saint John, N.B.",131560,0.043,8.6,76251.96,38606.41,217369,182463,2.39,2.04,1567,0.0206,0.13,10725,0.2032,0.0056,6.85,0.23,4.13,1075.96,157.9,122.06,198,74.52,14.12,5.17,0.07,-0.196,8898.84,95.38,102.87,1.09,4.47,2.83,1.17
90,"Collingwood, Ont.",21180,0.136,8,79590.81,38896.77,526686,373260,4.69,2.55,2058,0.0259,0.13,8694,0.1856,0.0176,8.15,3.15,0.45,725.26,163.02,116.9,216.3,101.19,4.55,7.04,14.8,-0.2062,6881.62,55.59,54.19,1.61,3.75,2.64,1.78
91,"Peterborough, Ont.",125121,0.034,8.5,77636.56,38894.3,366021,282462,3.64,2.46,1908,0.0246,0.13,8694,0.1604,0.0066,7.62,2.18,2.24,712.54,160.25,119.97,195,117.2,17.08,6.22,6.84,-0.1616,5978.77,74.26,88.36,1.46,4.18,2.29,1.59
92,"Kelowna, B.C.",192947,0.102,8.1,76707.78,35110.49,576411,444632,5.8,2.17,1701,0.0222,0.12,8611,0.124,0.0136,4.08,2.09,2.62,311.28,136.64,107.8,215,123.46,2.94,8.12,3.69,-0.1487,11857.2,117.92,97.1,1.46,3.72,2.28,1.82
93,"Yorkton, Sask.",18803,0.049,5.1,70989.37,34412.14,320402,298953,4.21,1.96,1439,0.0203,0.1,10195,0.138,0.0038,6.59,1.37,0.71,349.64,119.47,70.98,162.2,95.4,51.99,1.85,3.38,-0.2241,19863.69,165.56,150.62,1.17,4.82,2.29,2.17
94,"Corner Brook, Nfld.",27471,0.011,13.6,78999.4,42108.67,203627,171590,2.17,2.03,1628,0.0206,0.13,10198,0.2215,0.0026,7.54,0.28,0.78,884.52,405.55,145.17,401.9,130.49,6.45,10.28,1.26,0.0777,8268.26,66.62,52.96,1.49,4.51,4,1.33
95,"Sorel-Tracy, Que.",49039,0.047,5.4,62887.95,30107.26,209689,184946,2.94,2.52,1563,0.0249,0.1498,11302,0.1976,0.0089,6.66,1.58,2.53,801.17,147.72,111.28,208.7,112.94,19.15,6.33,16.35,-0.1772,4819.76,58.11,50.6,1.08,3.87,1.61,1
96,"Estevan, Sask.",13906,0.102,5.2,115348.99,57764.13,526233,378923,3.29,2.28,2636,0.0229,0.1,10195,0.2117,0.006,5.25,0.58,-,331.56,116.39,73.73,169.2,113.46,40.44,3.73,12.42,0.1771,16258.6,142.4,104.68,0.14,3.51,0.65,1.47
97,"Fort St. John, B.C.",28487,0.048,5.9,100768.32,52297.49,327251,314189,3.12,2.02,2047,0.0203,0.12,8611,0.2416,0.0033,6.68,0.67,0.44,292.43,118.47,65.97,181.7,64.24,38.77,2.3,0.15,-0.1555,17634.68,161.29,192.03,1.19,2.66,1.54,0.93
98,"Woodstock, Ont.",40247,0.073,7.7,73737.29,38556.85,280148,234766,3.18,2.68,2057,0.0279,0.13,8694,0.1665,0.0055,6.78,1.36,1.5,848.76,157.69,123.5,216.7,121.7,5.22,7.84,16,-0.0095,6229.74,68.86,47.57,1.07,3.43,1.39,1.38
99,"Courtenay, B.C.",59017,0.092,9,67769.5,32781.86,443417,385458,5.69,2.08,1429,0.0211,0.12,8611,0.1135,0.0026,6.97,3.94,1.63,1096.45,172.56,168.85,316.4,76.21,0,9.99,0.63,-0.2826,11131.33,83.49,83.64,1.36,4.25,2.91,2.12
100,"High River, Alta.",13964,0.234,4.6,84659.22,43355.56,439045,317674,3.75,2.2,1890,0.0223,0.05,9474,0.1427,0.0073,5.98,1.73,1.27,363.66,93.18,59.36,161.3,82.44,23.46,4.19,0.14,-0.0072,8724.88,69.7,55.37,1.22,3.67,1.2,1.26
101,"Trois-RiviŠres, Que.",157141,0.065,7.5,62931.92,29551.18,189937,140140,2.23,2.25,1399,0.0222,0.1498,11302,0.1722,0.0108,5.31,1.24,2.06,863.88,161.11,119.51,196.6,104.15,27.11,5.23,8.24,-0.0574,5740.3,67.33,46.02,1.29,4.01,2.13,1.35
102,"Burnaby, B.C",239926,0.099,7.4,74573.23,30142.35,539152,649493,8.71,2.07,1632,0.0219,0.12,8611,0.1622,0.0334,4.33,0.79,25.14,1871.01,178.27,173.76,326.3,82.54,0,10.81,4.68,-0.1925,6987.54,88.75,89.11,0.75,3.24,2.46,2.09
103,"Petawawa, Ont.",17710,0.145,5.5,87139.51,44164.65,184287,278449,3.2,1.93,1703,0.0195,0.13,8694,0.2175,0.004,3.76,2.63,0.35,620.6,170.15,115.01,180.7,111.15,39.27,4.49,7.11,-0.102,2509.93,26.62,27.27,0.11,3.93,0.9,1.44
104,"Baie-Comeau, Que.",29207,0.005,5.1,76503.66,38159.88,162141,155801,2.04,2.65,2019,0.0264,0.1498,11302,0.2327,0.0052,5.66,0.77,0.76,697.61,167.26,110.88,167.9,47.08,42.05,1.67,0,-0.0982,6169.74,61.4,59.83,0.38,3.79,2.53,1.27
105,"Kenora, Ont.",16785,0.101,7.6,80973.47,42953.48,266464,239812,2.96,2.13,1764,0.0218,0.13,8694,0.1649,0.0023,8.61,0.93,0.93,565.27,152.85,89.45,185.5,91.16,45.27,3.11,10.38,3.3779,10796.82,93.02,115.49,1.37,4.87,1.91,0.58
106,"Cold Lake, Alta.",15325,0.155,3.4,111425.03,57419.86,241603,276515,2.48,2.12,2377,0.0213,0.05,9474,0.2152,0.007,6.45,1.66,0.36,319.19,117.64,71.42,165.6,85.51,43.74,2.09,1.12,-0.0602,17226.14,130.98,96.79,0.52,2.27,1.37,1.38
107,"Timmins, Ont.",44683,0.015,7.3,80905.89,42365.9,242157,212070,2.62,2.07,1707,0.0211,0.13,8694,0.2313,0.0042,8.37,0.97,4.06,558.3,183.59,107.21,158.7,88.62,57.97,1.8,4,-0.0482,8463.75,112.44,161.67,1.01,3.87,1.61,0.82
108,"Sarnia, Ont.",93512,0.019,10.2,84993.7,46433.32,316645,206921,2.43,2.33,2000,0.0235,0.13,8694,0.1429,0.0097,5.08,1.85,1.9,769.99,149.98,116.68,232.5,120.81,2.29,8.34,23.68,0.0214,7472.75,78.02,80.35,0.96,3.76,1.59,1.1
109,"Thunder Bay, Ont.",126257,0,8.4,75358.39,38551.9,267786,231965,3.08,2.14,1637,0.0217,0.13,8694,0.1598,0.0065,5.71,1.47,2.93,539.97,142.86,90.74,161.9,85.48,45.17,2.68,1.71,-0.1746,7580.67,89.38,121.16,1.28,4.89,2.39,1.41
110,"Terrace, B.C.",16034,0.013,8,67761.74,36174.89,201976,178333,2.63,1.99,1360,0.0201,0.12,8611,0.214,0.0014,8.79,1.03,1.39,1025.27,206.84,172.44,248.4,54.82,1.42,6.59,1.62,-0.0545,21784.5,145.19,129.54,1.31,4.32,2.43,1.75
111,"North Bay, Ont.",67165,0.022,8.6,75936.45,39186.1,271730,264953,3.49,2.1,1634,0.0215,0.13,8694,0.2107,0.0067,8.9,1.31,4.51,802.75,180.32,115.74,189.8,91.31,29.49,4.22,4.03,0.0212,6300.94,68.44,63.38,1.18,4.16,2.11,1.12
112,"Tillsonburg, Ont.",16263,0.049,7.2,71939.89,39016.44,362985,216549,3.01,2.89,2070,0.0288,0.13,8694,0.1497,0.0085,7.51,1.31,0.2,906.39,148.26,116.94,217,121.98,4.13,7.98,17.15,-0.2566,4241.35,44.09,48.34,1.41,3.01,1.48,0.82
113,"Charlottetown, PEI",69875,0.115,9.9,72471.55,36574.28,243127,222730,3.07,2.03,1486,0.0205,0.14,11117,0.1823,0.0067,7.69,1.08,0.83,887.07,182.36,130.78,205,79.32,6.53,5.65,1.04,0.062,10808.72,95.1,51.63,1.73,5.03,2.58,2
114,"Swift Current, Sask.",18162,0.061,4.1,74189.65,34951.75,388423,315250,4.25,2.08,1573,0.0212,0.1,10195,0.1398,0.0055,5.8,0.73,0.45,285.33,120.16,68.48,173.7,99.03,29.46,4.09,6.02,0.0087,12724.42,121.68,58.94,0.83,4.1,2.7,1.07
115,"Granby, Que.",80992,0.091,6.1,66381.57,31249.74,249857,216192,3.26,2.28,1494,0.0225,0.1498,11302,0.1704,0.0109,5.53,1.02,0.78,944.28,178.64,127.35,210.2,105.83,16.22,6.28,9.97,-0.1186,4664.83,56.66,47.44,0.83,3.69,1.95,1.54
116,"Pembroke, Ont.",25207,0.041,7.2,72512.46,38136.84,267989,250264,3.45,2.07,1529,0.0211,0.13,8694,0.1548,0.0047,7.13,1.35,1,620.6,170.15,115.01,180.7,111.15,39.27,4.49,7.11,-0.1448,6663.06,57.73,61.15,0.91,4.02,1.71,1.53
117,"Dollard-Des Ormeaux, Que.",50392,0.015,8,99465.72,43666.54,504408,420146,4.22,2.4,2301,0.0231,0.1498,11302,0.2248,0.0489,2.29,0.45,15.45,784.93,163.32,119.11,217.5,117.05,14.26,6.75,17.55,-0.203,5786.98,91.83,119.32,0.28,3.61,2.34,2.1
118,"Rouyn-Noranda, Que.",43291,0.051,6,71108.69,33263.63,220314,231346,3.25,2.27,1601,0.0225,0.1498,11302,0.2091,0.0053,9.62,1.17,1.11,651.24,183.19,118.76,163.3,83.29,61,1.72,1.98,-0.1137,5767.69,69.27,59.73,0.95,3.4,2.15,1.4
119,"Strathmore, Alta.",13225,0.161,5.7,91508.76,45750.66,462518,300820,3.29,2.2,2000,0.0219,0.05,9474,0.1424,0.0048,6.26,0.58,1.03,326.4,111.77,67.89,170.8,87.21,21.7,4.43,0.16,-0.1586,12470.24,106.38,81.72,0.68,3.73,2.51,0.81
120,"Barrie, Ont.",198706,0.047,8.4,88713.53,42684.35,351102,318596,3.59,2.69,2411,0.0272,0.13,8694,0.1969,0.0116,3.6,0.47,3.44,709.92,156.12,114.36,207.8,112.54,12.2,6.94,15.48,-0.1956,5565.29,56.94,53.52,0.99,3.5,1.45,1.57
121,"Thompson, Man.",13711,-0.051,5.5,98393.22,48496.98,118638,203597,2.07,1.92,1927,0.0196,0.13,11036,0.2141,0.0028,10.33,0.68,0.64,340.18,144.26,74.94,126.7,66.93,100,-2.85,1.25,-0.0064,40979.73,264.87,336.64,0.29,3.65,2.84,0.85
122,"Brantford, Ont.",142829,0.042,7.6,77970.08,39116.86,315656,279010,3.58,2.72,2130,0.0273,0.13,8694,0.1489,0.007,4.49,1.04,2.83,769.62,135.6,114.02,218.2,124.55,5,8.09,19.03,-0.1109,8348.16,100.31,67.73,0.78,4.07,1.43,1.22
123,"Brooks, Alta.",24506,0.015,5.5,94557.13,48851.11,366892,253867,2.68,2.04,1925,0.0204,0.05,9474,0.1508,0.0039,5.51,0.93,0.19,230.97,92.41,65.32,174.6,115.39,29.24,5.11,3.99,-0.0375,11035.96,97.2,106.22,0.78,2.68,0.86,1
124,"New Westminster, B.C",70988,0.116,7.9,70966.91,29362.56,316799,484887,6.83,1.83,1356,0.0191,0.12,8611,0.1322,0.0132,5.84,0.6,26.54,1920.65,183.1,175.36,320.3,57.03,0,9.61,2.21,-0.1675,9772.76,104.75,105.02,1.63,4.29,2.46,2.44
125,"Vernon, B.C.",61731,0.059,9.2,70229.56,35054.9,468319,375190,5.34,2.17,1547,0.022,0.12,8611,0.1195,0.0058,6.58,1.74,0.63,333.29,135.78,103.99,249,107.54,3.07,8.27,11.84,-0.1888,13165.41,132.63,100.39,1.49,4.16,2.93,1.34
126,"Nanaimo, B.C.",103959,0.056,9.3,67894.09,32927.05,396032,367943,5.42,2.07,1436,0.0212,0.12,8611,0.1556,0.0063,6.32,1.54,2.85,1098.2,175.64,169.96,293.7,96.89,0,10.08,1.47,-0.0861,11837.56,105.71,90.12,1.65,4.06,2.6,1.76
127,"Longueuil, Que.",237900,0.019,7.5,69795.86,30072.05,217578,261556,3.75,2.3,1583,0.0227,0.1498,11302,0.1811,0.0134,3.94,1.58,21.78,798.56,164.56,119.8,205.9,117.5,19.38,6.15,13.88,-0.2373,5056.13,70.83,65.18,0.79,3.83,2.34,2.05
128,"Ajax, Ont.",120874,0.206,8.7,105024.43,48452.9,371009,404568,3.85,2.8,2912,0.0277,0.13,8694,0.1777,0.0182,2.52,0.2,14.03,766.13,145.68,122.66,239,100.48,2.73,8.12,9.56,-0.2675,3626.65,44.71,55.55,0.59,3.39,2.07,1.57
129,"Sault Ste. Marie, Ont.",83612,0.01,10.5,73739.87,38948.21,247852,209690,2.84,2.06,1546,0.021,0.13,8694,0.1719,0.0059,6.4,1.06,3.93,651.28,175.84,109.87,190.9,93.52,22.24,4.73,2.11,-0.1177,6727.49,91.06,69.54,1.32,4.02,1.81,1.21
130,"Oshawa, Ont",158987,0.058,10.8,80558.49,39207.42,268814,289861,3.6,2.63,2132,0.0265,0.13,8694,0.1764,0.0084,4.08,0.48,8.02,766.13,145.68,122.66,239,100.48,2.73,8.12,9.56,-0.2675,3626.65,44.71,55.55,0.67,3.08,1.47,1.64
131,"Ingersoll, Ont.",12849,0.043,6.9,76629.84,40373.16,252415,217908,2.84,2.77,2167,0.0283,0.13,8694,0.1524,0.0048,5.28,1.11,0.19,834.67,165.43,124.45,222.9,119.14,2.81,7.97,15.05,-0.1653,4991.94,55.59,45.73,0.86,2.9,0.78,1.29
132,"Belleville, Ont.",97078,0.019,7.7,72826.84,38758.55,250987,207153,2.84,2.41,1767,0.0243,0.13,8694,0.1488,0.0051,6.07,1.51,2.24,771.9,148.62,116.16,229.3,117.15,7.46,8.09,22.51,-0.1326,10286.86,108.67,111.78,1.26,3.37,1.95,1.19
133,"Squamish, B.C.",19383,0.111,8.2,86514.31,40610.68,384166,430593,4.98,2.15,1874,0.0217,0.12,8611,0.1228,0.0072,5.28,1.74,2.18,2125.55,183.87,177.34,290.4,93.5,0,9.74,0.47,-0.2926,11363.26,108.71,96.24,1.08,3.14,1.75,2.66
134,"St. Catharines, Ont",136665,0.005,9.7,72659.67,36822.09,292790,246055,3.39,2.57,1864,0.0257,0.13,8694,0.1472,0.0125,5.24,1.46,4.21,754.19,150.68,117.03,238.1,127.47,0.94,8.98,28.89,-0.1874,4978.1,63.53,54.05,1.38,3.68,1.37,1.67
135,"Cambridge, Ont",134255,0.046,8.3,87137.35,41995.38,332707,321792,3.69,2.79,2463,0.0283,0.13,8694,0.1646,0.0096,2.94,0.9,3.57,785.4,133.82,106.82,203.6,116.22,5.12,7.28,11.49,-0.1074,4992.24,58.05,60.75,0.78,3.23,1.48,1.25
136,"Leamington, Ont.",51792,0.007,6.6,73927.22,39733.58,317589,219791,2.97,2.32,1727,0.0234,0.13,8694,0.1399,0.008,7.42,1.1,0.17,814.23,129.33,111.14,246.1,123.67,1.17,9.58,36.73,-0.1903,4184.76,52.52,57.72,0.64,3.44,0.75,0.64
137,"Grand Falls-Windsor, Nfld.",13882,0.014,12.9,75975.84,39684.35,198383,193358,2.54,2.01,1550,0.0204,0.13,10198,0.1577,0.0046,7.35,0.37,0.74,806.05,159.13,122.45,183.1,69.37,11.64,4.45,0.64,-0.1217,4643.96,45.46,41.71,2.81,5.2,5.55,0.65
138,"Owen Sound, Ont.",33367,-0.007,8.2,69348.21,36507.7,322275,239285,3.45,2.35,1643,0.0237,0.13,8694,0.1696,0.0048,8.24,0.76,1.53,783.94,176.8,124.71,228.4,99.95,3.83,7.47,10.98,-0.1082,6478.28,58.39,56.47,1.32,4.71,3.24,1.56
139,"Wood Buffalo, Alta.",76957,0.25,4.7,187772.82,95295.63,368147,556548,2.96,2.49,4599,0.0245,0.05,9474,0.2841,0.0132,3.62,0.16,15,316.32,142.48,83.73,153.1,84.19,57.52,0.96,0.89,-0.474,12581.44,107.7,122.53,0.52,2.98,0.84,0.83
140,"Saint-J‚r“me, Que.",71609,0.06,7,61308.25,26575.28,176072,198024,3.23,2.27,1377,0.0225,0.1498,11302,0.2065,0.0101,5.98,1.41,1.81,864.69,143.68,111.29,197.1,103.28,23.83,5.47,7.59,-0.0863,7968.44,102.2,89.17,0.99,3.88,2.34,1.19
141,"Cranbrook, B.C.",26113,-0.001,7.1,75955.86,38862.82,362713,321557,4.23,2.06,1578,0.0208,0.12,8611,0.1391,0.0021,7.34,1.52,1.52,279.49,121.53,84.18,191.2,101.54,10,6.03,3.45,-0.1017,11741.73,105.66,98.49,0.92,3.73,3.41,1.2
142,"Mascouche, Que.",47000,0.263,4.9,82505.47,36934.94,214759,250327,3.03,2.69,2169,0.0263,0.1498,11302,0.2307,0.0109,1.61,0.67,4.34,827.38,158.26,123.08,204.7,118.02,21.1,6.42,22.18,0.1258,4924.84,69.24,72.28,0.32,3.86,2.34,1.41
143,"Penticton, B.C.",44294,0.034,8.5,63974.51,30150.32,447262,422462,6.6,2.18,1442,0.0225,0.12,8611,0.1052,0.0053,10.66,3.15,1.01,298.52,119.22,98.74,254.6,128.98,0.24,9.45,14.72,-0.027,14202.84,120.32,80.64,1.74,4.2,2.93,1.23
144,"Portage la Prairie, Man.",13470,0.034,4.7,61121.44,29660.56,206716,204788,3.35,2.06,1303,0.0213,0.13,11036,0.1241,0.0025,9.31,1.98,0.34,407.4,97.71,62.49,161,104.45,49.92,2.81,9.49,0.0555,23844.32,207.05,167.12,1.41,8.53,1.71,1.08
145,"Brockville, Ont.",40521,-0.016,7.2,74765.39,38975.17,344189,263837,3.53,2.4,1782,0.0238,0.13,8694,0.1661,0.0059,6.82,1.09,0.78,806.82,154.9,118.81,226.6,111.03,9.27,7.5,12.46,-0.2437,8529.35,78.4,77.54,1.06,4.74,1.97,1.14
146,"Port Hope, Ont.",16808,-0.014,8.5,81429.85,43453.65,345405,264204,3.24,2.77,2286,0.0281,0.13,8694,0.1657,0.0076,6.84,0.6,1.18,736.34,138.58,113.53,235.4,94.51,4.31,7.63,5.4,-0.116,4796.61,43.99,33.59,0.65,3.46,1.37,2.12
147,"Abbotsford - Mission, B.C.",180636,0.065,8.2,76888.38,34627.53,401988,406172,5.28,2.18,1701,0.0221,0.12,8611,0.1175,0.0078,3,0.71,1.62,1483.26,179.45,174.09,312.3,100.3,0,10.44,2.2,-0.393,5891.33,71.21,70.38,0.97,3.62,1.61,1.35
148,"Prince George, B.C.",88523,0.022,10,77441.73,40782.65,238649,233839,3.02,2.08,1612,0.0208,0.12,8611,0.141,0.0032,5.2,0.86,1.74,423.61,162.91,113.51,181.1,71.4,16.71,4.31,0.06,0.0779,17555.59,151.39,166.34,1.37,3.97,2.49,1.11
149,"Orillia, Ont.",42568,0,9.4,68764.77,34519.77,325896,270147,3.93,2.39,1659,0.0241,0.13,8694,0.219,0.0057,7.48,1.02,2.32,776.02,161.4,118.56,210,104.38,13.71,6.72,12.29,-0.2574,7684.23,75.06,85.54,1.57,3.43,2.89,1.71
150,"Haldimand County, Ont",46504,-0.002,6.6,80152.52,41073.51,366550,283728,3.54,2.82,2308,0.0288,0.13,8694,0.1179,0.0046,5.96,0.64,0.36,846.83,153.23,127.08,244.6,116.56,0.72,9.15,20.34,-0.0312,4368.95,53.8,45.27,0.37,4.56,1.43,1.44
151,"Saguenay, Que.",161878,0.035,7,67552.8,31229.59,159606,179805,2.66,2.43,1615,0.0239,0.1498,11302,0.2048,0.0084,4.81,0.73,2.29,663.75,198.36,122.13,175.5,86.8,46.58,2.79,3.93,-0.0049,5539.96,71.12,79.39,0.96,3.99,2.17,1.02
152,"Mirabel, Que.",45557,0.209,5.1,79021.25,34941.65,214984,246999,3.13,2.67,2085,0.0264,0.1498,11302,0.2208,0.0109,3.65,0.5,2.44,835.94,167.46,119.55,198.7,111.65,25.27,5.33,6.84,0.0277,3515.39,54.12,41.95,0.24,3.18,2.34,1.35
153,"Langley, B.C (City)",26779,0.056,6.7,65857.72,28991.45,241775,348925,5.3,1.81,1238,0.0188,0.12,8611,0.1413,0.011,5.88,0.98,5.65,1715.49,194.47,190.07,311.6,109,0,10.85,2.17,0.0245,16086.25,183.86,138.63,0.86,2.78,2.46,1.4
154,"Alma, Que.",34280,0.072,8.4,67674.22,33537.14,170914,155356,2.3,2.54,1684,0.0249,0.1498,11302,0.1917,0.0069,8.21,0.75,0.08,728.54,182.67,120.58,166.1,76,37.09,2.93,1.61,-0.1471,4558.95,52.34,35.27,1.05,3.84,2.16,0.56
155,"Thetford Mines, Que.",28498,0.023,5.7,55252.54,27865.62,192748,112275,2.03,2.38,1290,0.0233,0.1498,11302,0.1628,0.0052,6.58,0.54,0.66,945.46,186.89,126.93,195,82.94,21.92,4.55,2.41,0.0147,4546.88,53.9,53.29,1.33,4.28,2.11,0.82
156,"Drummondville, Que.",92259,0.079,7.6,60551.74,29280.84,186240,142959,2.36,2.31,1386,0.0229,0.1498,11302,0.1691,0.011,6.17,0.95,1.09,872.14,158.99,117.02,210,108.87,19.42,6.35,16.26,0.0107,6683.4,100.08,85.85,0.87,3.33,1.45,1.13
157,"Sept-Iles, Que.",29757,0.048,7.2,77754.13,35767.67,180002,212986,2.74,2.38,1834,0.0236,0.1498,11302,0.2212,0.0055,10.07,0.85,0.39,747.54,173.8,111.04,165.6,32.31,47.32,1.01,0,0.053,8307.86,106.22,112.23,0.37,3.64,2.12,1.12
158,"Temiskaming Shores, Ont.",14090,0.016,11.7,70076.56,38199.69,242398,185884,2.65,2.1,1527,0.0218,0.13,8694,0.1984,0.0036,11.89,0.31,1.31,576.47,169.36,104.65,168.2,93.38,52.9,2.58,5.05,-0.547,4475.68,40.27,62.44,0.78,3.36,1.92,0.65
159,"Sylvan Lake, Alta.",13561,0.221,7.1,102024.96,50064.64,460779,314632,3.08,2.23,2290,0.0224,0.05,9474,0.1698,0.0067,4.74,0.29,0.12,383.66,119.12,75.04,152.9,83.48,31.91,2.75,0,-0.1275,11081.97,96.38,82.31,0.74,4,2.3,1.22
160,"Quesnel, B.C.",23387,0.077,12.3,72163.9,38727.65,250224,186323,2.58,1.93,1406,0.0195,0.12,8611,0.1226,0.0027,4.81,0.87,0.55,394.29,150.7,110.75,188,93.68,12.89,5.48,0.07,-0.1775,25262.83,229.87,259.04,0.98,2.89,1.37,0.65
161,"Cowansville, Que.",12995,0.052,6.6,57885.1,26079.03,202989,209944,3.63,2.46,1400,0.0242,0.1498,11302,0.1817,0.0093,10.76,1.23,0.94,1025.9,182.03,130.73,187.1,107.32,25.83,5.4,4.26,-0.242,4514.2,64.26,50.4,1,3.63,3.92,0.89
162,"Windsor, Ont.",330623,-0.008,10.4,75446.61,38936.9,281565,209440,2.78,2.28,1732,0.023,0.13,8694,0.167,0.0088,3.8,1.2,2.6,822.35,149.54,119.99,248.9,138.85,1.16,9.87,54.3,-0.0931,14708.21,137.18,124.47,1.26,3.99,1.55,1.16
163,"Amos, Que.",17432,-0.001,8.2,73855,35902.65,196094,190963,2.59,2.64,1937,0.0262,0.1498,11302,0.2147,0.0029,11.26,0.25,0.65,675.66,151.36,105,162,73.75,53.1,1.45,1.8,0.0378,5215.48,77.29,131.07,0.92,6.05,4.07,0.97
164,"Georgina, Ont.",45951,0.023,8.4,79111.68,36518.94,297594,344549,4.36,2.88,2325,0.0294,0.13,8694,0.1422,0.0054,2.97,0.37,2.45,709.92,156.12,114.36,207.8,112.54,12.2,6.94,15.48,-0.1872,2806.5,35.83,39.07,0.44,2.64,2.07,1.42
165,"Duncan, B.C.",45828,0.046,8.4,67995.26,33765.47,394180,354684,5.22,2.16,1471,0.0216,0.12,8611,0.0827,0.0018,6.99,0.9,0.92,1449.85,202.45,197.89,294.4,100.11,0,10.03,0.96,-0.1334,15508.49,117.89,102.6,1.2,3.29,2.73,1.82
166,"Brampton, Ont",580672,0.174,9.5,93692.33,41088.97,371427,458496,4.89,2.66,2483,0.0265,0.13,8694,0.1599,0.0147,1.79,0.24,9.87,681.59,145.94,113.23,228.7,122.26,3.9,8.17,27.92,-0.1657,3271.38,47.49,57.11,0.59,2.41,2.07,1.12
167,"Val-d'Or, Que.",34397,0.043,7,74258.86,35283.53,197878,220638,2.97,2.47,1820,0.0245,0.1498,11302,0.1967,0.0069,8.73,1.05,0.41,639.39,196.84,115.05,160.9,79.45,63.33,1.38,2.68,-0.0017,7744.21,84.17,106.61,0.49,3.42,1.92,1.32
168,"Niagara Falls, Ont",86704,0.017,8.9,71163.52,35521.33,271765,245792,3.45,2.73,1968,0.0277,0.13,8694,0.142,0.01,5.13,1.26,2.6,820.37,170.66,132.05,240.8,124.49,1,9.16,36.46,-0.1874,4978.1,63.53,54.05,0.98,3.16,1.37,1.37
169,"Montr‚al, Que.",1688220,0.017,10,61741.62,24629.2,252242,393162,6.37,1.86,1124,0.0182,0.1498,11302,0.193,0.0274,8.44,2.31,34.4,798.56,164.56,119.8,205.9,117.5,19.38,6.15,13.88,-0.203,5786.98,91.83,119.32,0.66,3.52,2.34,3.41
170,"Powell River, B.C.",17399,0.009,8.2,63103.15,33195.5,287683,244040,3.87,2.18,1398,0.0222,0.12,8611,0.0689,0.0014,6.02,2.07,1.59,1048.94,179.13,176.3,322.8,77.82,0,10.79,0.64,-0.0432,9552.19,76.58,58.95,1.84,3.93,2.64,1
171,"Chilliwack, B.C.",98489,0.096,6.7,69649.49,34481.28,355373,324294,4.66,2.09,1487,0.0213,0.12,8611,0.1172,0.0047,4.41,1.07,0.98,1582.21,189.87,183.83,313.7,109.76,0,10.8,3,-0.1909,11021.86,114.59,93.45,0.62,2.55,0.51,1.22
172,"Kentville, N.S.",27043,0.019,10,63327.69,32699.33,233264,169250,2.67,1.95,1255,0.0198,0.15,11159,0.1861,0.005,5.06,0.27,2.08,930.81,166.58,129.01,217.7,94.94,2.95,7.08,3,0.0303,10559.11,105.2,72.68,1.77,3.94,3.92,1.54
173,"Cornwall, Ont.",61839,0.028,9.9,64362.25,34234.89,201638,170239,2.65,2.27,1477,0.0229,0.13,8694,0.1603,0.0057,7.02,0.81,2.06,831.33,150.11,114.92,224.1,119.94,9.26,7.6,25.55,-0.0754,9036.28,101.08,116.05,1.2,3.24,1.7,1.21
174,"Surrey, B.C",509857,0.177,7.9,86433.97,36979.12,516800,544823,6.3,2.28,1995,0.0231,0.12,8611,0.157,0.0175,2.46,0.33,10.45,1360.83,178.02,174.67,315.8,89.04,0,10.51,1.9,-0.1247,10356.34,123.85,130.19,0.61,3.5,2.46,1.39
175,"Campbell River, B.C.",38066,0.053,9.5,70141.96,35705.85,338717,303413,4.33,2.01,1417,0.0202,0.12,8611,0.123,0.003,5.3,1.25,2.41,1407.75,192.81,185.9,273.2,82.57,0.11,9.03,0.93,-0.1907,12175.65,89.58,76.8,1.84,2.67,2.6,0.97
176,"Salaberry-de-Valleyfield, Que.",41247,0.031,8.3,59690.8,27581.23,189986,182478,3.06,2.3,1347,0.0226,0.1498,11302,0.1746,0.0072,5.5,1.8,1.18,794.66,150.94,117.3,211.7,113.4,13.76,6.77,17.66,0.0484,7741.06,90.75,88.35,0.48,4.09,2.55,0.88
177,"Parksville, B.C.",28992,0.047,8.8,65323.07,33890.73,586213,401502,6.15,2.3,1599,0.0245,0.12,8611,0.1117,0.0053,7.51,2.28,1.03,1093.24,173.41,167.62,263.6,91.01,0,9.18,0.22,-0.4026,8398.67,73.24,41,1.24,2.94,1.79,1.24
178,"Norfolk, Ont.",65656,0.018,8.7,74181.21,39110.59,375060,269632,3.63,2.67,1995,0.0269,0.13,8694,0.1195,0.0056,6.22,0.74,0.5,906.39,148.26,116.94,217,121.98,4.13,7.98,17.15,-0.1929,4678.88,51.08,40.25,0.65,3.55,0.78,0.95
179,"Bathurst, N.B.",33984,-0.006,11.9,64540.57,34623.71,128918,91263,1.41,2.27,1462,0.0227,0.13,10725,0.1887,0.0069,5.57,0.71,0.55,772.34,167.48,129.14,187,82.03,21.72,4.57,6.78,-0.1157,8112.39,92.33,50.12,1,5.03,3.27,0.66
180,"Welland, Ont",52806,0.013,9.5,67062.22,33863.32,207314,190489,2.84,2.74,1855,0.0277,0.13,8694,0.1351,0.0056,4.77,1.25,1.53,855.8,151.77,125.91,226.5,125.67,2.72,8.75,20.55,-0.1874,4978.1,63.53,54.05,0.91,3.18,1.37,0.97
181,"Edmundston, N.B.",22211,-0.016,10.2,58558.14,29909.29,147996,126039,2.15,2.5,1448,0.0247,0.13,10725,0.2052,0.0056,5.67,0.44,0.35,753.02,128.33,94.37,169.8,92.6,36.05,3.63,1.36,-0.0145,6375.49,73.62,51.22,0.99,5.25,4.05,0.98
182,"Chatham-Kent, Ont.",105739,-0.048,10.2,68023.88,35848.5,260677,164749,2.42,2.45,1697,0.0249,0.13,8694,0.1384,0.0059,5.39,1.28,0.8,803.14,137.07,117.95,246.9,132.09,1.42,9.75,46.68,-0.1415,6671.85,89.36,55.16,0.78,3.44,1.08,0.96
183,Campbellton (N.B./Que.),18148,0.028,17.4,56143.17,29399.75,121578,94024,1.67,2.1,1171,0.0209,0.13,10725,0.2051,0.0053,7.44,0.62,0.26,685.6,161.3,113.27,175.6,76.82,27.84,3.43,2.44,0.0687,11277.12,113.03,79.66,0.94,6.18,3.31,0.85
184,"Prince Albert, Sask.",44754,0.036,9.7,79216.63,35989.99,298294,347536,4.39,1.95,1577,0.0199,0.1,10195,0.1485,0.0038,6.12,0.95,0.54,327.22,121.34,74.82,156.2,94.29,58.39,1.44,2.72,-0.1238,17117.41,203.21,217.47,2.19,4.95,2.52,0.96
185,"Summerside, PEI",16697,0.024,12.5,61894.7,31402.37,150216,146670,2.37,1.89,1191,0.0192,0.14,11117,0.153,0.0026,6.51,0.89,0.12,809.11,177.93,132.87,206.5,76.74,5.91,5.74,0.43,0.0843,14020.45,135.36,89.03,2.16,4.64,3.11,1.04
186,"Williams Lake, B.C.",19443,-0.006,11.5,69731.58,37384.24,213356,203818,2.92,1.83,1271,0.0182,0.12,8611,0.1449,0.0023,6.16,1.14,0.98,307.55,137.37,89.39,179.1,71.07,14.19,4.52,0.12,-0.1422,30984.74,241.23,272.53,1.03,3.49,2.52,0.74
187,"Bay Roberts, Nfld.",11072,0.041,15.5,77554.67,41646.87,201051,184168,2.37,1.94,1524,0.0197,0.13,10198,0.2057,0.0038,5.8,-,1.01,1014.99,158.09,137.26,213,60.33,1.05,6.28,0.16,0.2116,3842.05,39.4,29.53,0.45,2.83,0.63,1.01
188,"Elliot Lake, Ont.",11615,-0.015,16.6,53699.17,29893.23,132866,105136,1.96,2.01,1149,0.0214,0.13,8694,0.1827,0.0024,14.01,1.1,1.51,782.65,137.33,95.08,189,92.29,18.72,4.86,1.54,-0.1256,5496.65,64.76,70.66,0.34,3.52,1.29,1.24
189,"Miramichi, N.B.",28520,-0.008,16.1,63087.83,33164.59,153430,106491,1.69,1.9,1212,0.0192,0.13,10725,0.1965,0.0033,5.38,0.24,0.38,793.86,161.68,123.86,183.1,97.15,24.39,4.87,5.89,-0.1832,6559.33,62.42,44.31,1.26,4.24,2.42,0.75
190,"Kawartha Lakes, Ont.",75515,-0.016,8.5,75967.66,39511.29,374580,281322,3.7,2.52,1942,0.0256,0.13,8694,0.1515,0.0044,5.3,0.68,0.55,712.54,160.25,119.97,195,117.2,17.08,6.22,6.84,-0.3691,9643.52,90.93,119.87,0.7,3.89,1.03,1.14
191,"Truro, N.S.",47021,0.012,10.3,63462.54,33260.13,204625,161810,2.55,1.84,1191,0.0188,0.15,11159,0.1786,0.0061,7.97,0.47,0.24,979.48,175.22,140.42,197.1,90.13,9.66,6.03,0.86,-0.2126,13266.69,112.32,91.84,1.08,3.5,2.19,1.04
192,"Shawinigan, Que.",55500,-0.007,8.2,53338.74,25955.13,159004,128249,2.4,2.31,1220,0.0229,0.1498,11302,0.1445,0.0052,7.39,0.6,1.55,863.88,161.11,119.51,196.6,104.15,27.11,5.23,8.24,-0.1212,6910.38,82.56,79.38,1.24,3.88,2.32,0.7
193,Hawkesbury (Que./Ont.),12547,-0.018,9.4,56055.95,28015.54,209445,197439,3.52,2.18,1209,0.0216,0.1498,11302,0.1867,0.0053,9.12,1.32,1.86,849.19,134.59,103.98,197.5,113.56,23.12,5.95,11.38,-0.1679,9158.74,107.27,120.56,1.59,3.5,2.79,0.92
194,"Midland, Ont.",36802,-0.011,10.8,68015.1,35424.25,297841,246566,3.63,2.6,1824,0.0268,0.13,8694,0.1535,0.0064,6.91,0.97,0.79,713.95,164.32,112.39,199.6,109.11,11.88,6.51,8.75,-0.1783,7989.69,89.93,96.93,0.95,4.79,1.79,1.05
195,"Prince Rupert, B.C.",13443,-0.012,14.6,70323.57,36398.17,168778,218044,3.1,1.84,1297,0.0184,0.12,8611,0.1391,0.0026,15.79,1.1,3.45,2530.35,243.5,235.94,285.9,6.44,0.04,7.5,0,0.0495,28233.55,165.81,177.78,1.19,3.1,1.56,1.11
196,"Cape Breton, N.S.",102924,-0.029,16.5,61893.52,32267,138933,140158,2.26,1.83,1167,0.0189,0.15,11159,0.1675,0.0023,5.76,0.21,1.52,1242.36,190.99,146.91,204.4,74.93,2.73,5.86,1.2,-0.1213,6991.78,72.41,62.09,1.13,4.57,2.17,0.87
197,"Matane, Que.",18592,-0.005,9.6,55703.49,27137.73,149453,139660,2.51,2.43,1335,0.024,0.1498,11302,0.2098,0.0051,7.5,0.56,1.08,670.52,166.02,110.27,183.5,50.76,19.26,2.99,0.54,-0.0888,4914.87,65.1,86.01,1.67,3.53,1.83,1.13
198,"New Glasgow, N.S.",36625,0.004,11.3,62756.48,33731.82,184614,145805,2.32,1.92,1234,0.0197,0.15,11159,0.213,0.0087,5.81,0.42,0.39,953.27,158.7,120.11,203.8,89.25,5.79,6.63,3.2,-0.1643,11770.49,94.38,95.08,0.71,3.8,1.91,1.15
199,"Lachute, Que.",13374,0.114,8.2,57090.03,25979.31,201775,217163,3.8,2.36,1338,0.0234,0.1498,11302,0.1647,0.0077,8.54,0.51,0.55,940.09,166.91,125.3,203.8,110.71,21.08,5.98,9.26,-0.0768,6895.21,110.24,94.92,0.6,3.21,2.54,1.08
200,"Dolbeau-Mistassini, Que.",16280,0.009,11.9,56383.06,27462.72,137081,130298,2.31,2.5,1381,0.0245,0.1498,11302,0.1646,0.0035,8.97,1.58,0.34,628.72,122.79,90.85,166.4,81.9,56.69,1.91,2.55,-0.2122,5250.18,63.89,61.13,0.98,3.12,2.03,0.75
201,"Port Alberni, B.C.",26333,0.006,10.4,59906.62,31285.66,281539,256890,4.29,2.04,1243,0.0207,0.12,8611,0.0857,0.0016,6.92,0.82,0.98,1828.98,178.47,171.27,301.7,101.65,0,9.73,0.56,-0.2756,13829.67,124.59,153.14,1.44,3.1,1.67,1.54
